log,band,date,clean,n,tps,p10,p90,rpm,op,ign,mr
more_tip_in.csv,1000,2026-04-08 21:55:59.533211,False,241,2.01,2.01,2.01,985.0,1.875,14.5,36.334
more_tip_in.csv,1200,2026-04-08 21:55:59.533211,False,62,2.8099999999999996,2.6100000000000003,2.8099999999999996,1202.0,2.312,16.0,42.385000000000005
drive_home_today.csv,1200,2026-04-08 21:57:42.884775,False,682,2.91,2.8099999999999996,2.91,1220.0,2.812,16.0,44.842
drive_home_today.csv,1100,2026-04-08 21:57:42.884775,False,989,2.6100000000000003,2.41,2.6100000000000003,1082.0,3.5,17.5,40.441
all-channel-reference.csv,1200,2026-05-31 08:36:38.128522,False,2333,3.01,2.91,3.21,1222.0,2.25,15.0,43.715
all-channels-reduced-idlaircorr.csv,1200,2026-05-31 16:26:21.382233,False,5052,3.6100000000000003,3.01,4.01,1190.0,3.188,17.5,43.808
hood on 0509 terrible day.csv,1100,2026-05-31 16:48:07.860400,False,5184,3.01,2.8099999999999996,3.6100000000000003,1117.0,2.25,12.5,41.838
hood on 0509 terrible day.csv,1200,2026-05-31 16:48:07.860400,False,297,3.6100000000000003,3.01,4.41,1268.0,2.25,14.0,46.246
20260613_1141.csv,1200,2026-06-13 11:42:35.704858,False,1434,3.71,3.01,3.71,1195.0,3.5,18.0,44.289
cold idle dip again 3 all channels.csv,1200,2026-06-26 09:18:40.978522,False,371,3.6100000000000003,3.41,3.6100000000000003,1173.0,3.062,18.5,40.95
died_hot_return_to_idle_again.csv,1200,2026-06-28 10:54:46.172400,False,33,3.91,3.71,3.91,1174.0,4.062,18.5,42.624
armedstatebogjuly17.csv,1200,2026-07-17 17:11:11.456367,False,4315,3.41,3.3100000000000005,3.91,1181.0,,,
randomlydied.csv,1200,2026-07-17 17:12:45.996899,False,496,3.3100000000000005,3.21,3.6100000000000003,1173.0,,,
idle0719.csv,1200,2026-07-19 10:40:58.212329,False,4495,3.01,2.91,3.41,1195.0,,,
before_increased_active_airflow.csv,1200,2026-07-30 17:29:31.898484,False,2995,3.71,3.41,4.51,1189.0,,,
oil_comp_working.csv,1100,2026-08-21 17:45:12.549304,False,4060,3.21,2.91,3.6100000000000003,1092.0,2.5,,39.59
oil_comp_working.csv,1200,2026-08-21 17:45:12.549304,False,37,3.41,2.8099999999999996,4.51,1222.0,2.688,,37.29
fullcaf350off250decel.csv,1200,2026-08-21 17:54:17.118897,False,323,3.01,2.91,3.3100000000000005,1238.0,2.25,,43.54
medium_restart_with_oil_comp.csv,1200,2026-08-21 19:17:21.909990,False,2277,3.41,3.01,3.6100000000000003,1215.0,3.062,,44.84
medium_restart_with_oil_comp.csv,1100,2026-08-21 19:17:21.909990,False,183,3.21,3.01,3.3100000000000005,1122.0,3.062,,40.959
moviedrive.csv,1200,2026-08-22 07:54:11.798953,False,4930,3.21,3.01,3.71,1213.0,2.438,14.5,44.4
variousbjjdrive.csv,1200,2026-08-22 11:20:28.964836,False,11173,3.01,2.91,3.6100000000000003,1221.0,2.188,14.0,44.807
majorimprovement.csv,1200,2026-08-22 15:41:30.553667,False,3106,3.21,2.8099999999999996,3.41,1195.0,3.438,18.0,41.5975
omg.csv,1100,2026-08-24 18:11:23.012907,False,277,3.3100000000000005,2.91,3.41,1107.0,3.0,15.5,40.774
omg.csv,1000,2026-08-24 18:11:23.012907,False,6740,2.6100000000000003,2.51,2.8099999999999996,997.0,2.312,16.5,36.963
omg.csv,1200,2026-08-24 18:11:23.012907,False,4226,3.71,3.6100000000000003,3.91,1198.0,4.062,18.0,43.586
added features.csv,1200,2026-08-27 16:48:25.509922,False,2479,3.01,2.8099999999999996,3.41,1221.0,2.312,18.5,42.07
added features.csv,1100,2026-08-27 16:48:25.509922,False,41,2.91,2.6100000000000003,3.21,1110.0,2.875,18.5,38.36
added features.csv,1000,2026-08-27 16:48:25.509922,False,9547,2.8099999999999996,2.41,3.21,1032.0,2.0,17.5,37.629
latestdrivevischan.csv,1000,2026-08-30 08:47:44.659397,False,26108,3.41,3.21,3.71,1022.0,,18.0,37.444
latestdrivevischan.csv,1100,2026-08-30 08:47:44.659397,False,122,3.41,3.21,3.91,1090.0,,18.5,37.4195
latestdrivevischan.csv,1200,2026-08-30 08:47:44.659397,False,1210,4.01,3.3100000000000005,4.11,1170.0,,23.5,39.932500000000005
more_pid.csv,1000,2026-08-30 16:54:22.756500,False,5221,2.91,2.8099999999999996,3.21,1017.0,,,
more_pid.csv,1200,2026-08-30 16:54:22.756500,False,79,4.01,3.71,4.41,1213.0,,,
goodlogwithclutch.csv,1200,2026-09-09 10:21:19.496219,False,54,4.11,3.91,4.78,1200.0,2.25,,
goodlogwithclutch.csv,1000,2026-09-09 10:21:19.496219,False,1612,4.11,3.71,4.51,1021.0,1.875,,
goodlogwithclutch.csv,1100,2026-09-09 10:21:19.496219,False,68,4.3100000000000005,3.91,6.01,1081.5,2.0,,
losingit.csv,1100,2026-09-19 12:11:33.920961,False,62,4.210000000000001,3.41,4.51,1095.0,2.0,19.0,38.179500000000004
losingit.csv,1000,2026-09-19 12:11:33.920961,False,3933,3.91,3.41,4.51,1029.0,1.812,16.5,37.037
whencold.csv,1100,2026-09-19 12:14:31.108344,False,33,4.51,4.51,5.3100000000000005,1080.0,4.312,18.0,39.997
whencold.csv,1000,2026-09-19 12:14:31.108344,False,1785,4.8100000000000005,4.51,5.11,1026.0,4.0,18.0,38.304
fullchannels.csv clean,1200,2026-09-19 19:38:45.955981,True,1260,2.9,2.7,3.1,1218.0,2.375,18.0,41.685
fullchannels.csv clean,1100,2026-09-19 19:38:45.955981,True,106,2.9,2.9,3.2,1129.5,2.625,16.5,39.5325
fullchannels.csv clean,1000,2026-09-19 19:38:45.955981,True,12790,2.5,2.4,2.8,1017.0,2.188,18.0,36.435
