,20,35,49,64,79,93,108,123,137,152,167,181,196,211,225,240
7000,,,,,,,,,,,,,,,,
6658,,,,,,,,,,,,,,,,
6316,,,,,,,,,,,,,,,,
5974,,,,,,,,,,,,,,,,
5632,,,,,,,1.2222423402451976,,,0.9044449424772151,0.9579245817975617,,,,,
5289,6.20361378945978,,,,,,1.1042702491245096,1.1120567375886523,,0.9320272020725389,0.9309086962280124,0.8360579410243147,,,,
4947,6.231454005934717,2.734563894523326,,,,1.2499920287930988,1.1535470816560625,,,0.9133795837462833,0.8766657526734303,0.8308238085696967,,,,
4605,6.25,2.8560254731843697,1.9583178491167716,1.6684168012924072,1.313229571984436,1.144093686354379,1.0991619769659724,1.0549921383647798,0.9527918781725887,0.9164656461835022,,,,,,
4263,6.25,2.860577689866715,2.196652719665271,1.6116653875671525,1.3599200428332903,1.2180223285486445,1.086218097447796,1.0037579113924051,0.9453141453141453,0.8715743891122794,,,,,,
3921,5.882352941176471,2.7609947643979056,2.1725938109161795,1.5999251497005988,1.344430217669654,1.1489540204020403,1.0855742398846495,0.9064825469888762,0.8289360172537743,,,,,,,
3579,5.882352941176471,2.934578146611342,2.0833333333333335,1.6630820372503843,1.314138163538249,1.1381199004591651,1.0324483775811208,0.9431536780772032,,,,,,,,
3237,5.263157894736842,2.752293577981651,2.0428015564202333,1.6342412451361867,1.3041488712629652,1.1355436775142023,0.9868421052631579,1.0324989824989825,,,,,,,,
2895,4.761904761904761,2.7027027027027026,2.0507812499999996,1.6178736517719567,1.302091049382716,1.1184517497348887,1.0606463878326995,,,,,,,,,
2553,4.545454545454545,2.7096774193548385,2.0408163265306123,1.6129032258064515,1.3247612985359645,1.104286461055933,,,,,,,,,,
2211,4.166666666666667,2.7096774193548385,2.05078125,1.6129032258064515,1.2987012987012987,1.1136577708006279,,,,,,,,,,
1868,4.0,2.7027027027027026,2.046783625730994,1.5436222939391437,1.2875536480686693,1.1216117216117216,,,,,,,,,,
1526,3.8391738105980844,2.857142857142857,2.054794520547945,1.577761081893313,1.3341804320203303,1.1046817464492371,,,,,,,,,,
1184,4.191616766467066,2.7027027027027026,2.238805970149253,1.6444792482380577,1.3346045198881051,,,,,,,,,,,
842,,2.586206896551724,2.1739130434782608,1.5200966188637328,,,,,,,,,,,,
500,,,1.9867549668874172,,1.195219123505976,,,,,,,,,,,
