RPM\MAP,20,35,49,64,79,93,108,123,137,152,167,181,196,211,225,240
7000,65.7,69.6,72.8,75.5,77.8,79.6,81.0,82.2,83.1,83.8,84.4,84.9,85.4,86.0,86.6,87.5
6658,66.6,70.4,73.6,76.4,78.6,80.4,81.9,83.0,84.0,84.7,85.3,85.8,86.3,86.8,87.4,88.2
6316,66.9,70.8,74.2,77.0,79.2,81.1,82.6,83.7,84.6,85.3,85.9,86.4,86.8,87.3,87.9,88.6
5974,66.7,70.9,74.4,77.3,79.7,81.6,83.1,84.2,85.1,85.7,86.2,86.6,87.1,87.5,88.1,88.9
5632,66.0,70.6,74.4,77.5,80.0,81.9,83.4,84.5,85.3,85.9,86.3,86.6,87.0,87.4,88.0,88.9
5289,65.0,70.0,74.2,77.5,80.1,82.1,83.6,84.6,85.3,85.8,86.1,86.4,86.7,87.1,87.7,88.7
4947,63.6,69.1,73.6,77.2,80.0,82.1,83.5,84.5,85.1,85.5,85.7,85.9,86.1,86.5,87.2,88.3
4605,62.0,68.0,72.9,76.8,79.7,81.8,83.3,84.2,84.8,85.0,85.1,85.2,85.4,85.8,86.5,87.8
4263,60.1,66.7,72.0,76.1,79.2,81.4,82.9,83.8,84.2,84.3,84.3,84.3,84.4,84.8,85.7,87.1
3921,58.0,65.1,70.8,75.2,78.4,80.7,82.2,83.1,83.4,83.5,83.4,83.3,83.4,83.8,84.7,86.2
3579,55.9,63.4,69.5,74.1,77.5,79.9,81.4,82.2,82.5,82.5,82.3,82.1,82.2,82.6,83.5,85.2
3237,53.7,61.6,67.9,72.7,76.3,78.8,80.3,81.1,81.4,81.3,81.1,80.9,80.9,81.3,82.3,84.0
2895,51.5,59.7,66.2,71.2,74.9,77.4,79.0,79.8,80.1,80.1,79.8,79.6,79.6,80.0,81.0,82.8
2553,49.3,57.7,64.3,69.4,73.2,75.8,77.5,78.4,78.7,78.7,78.4,78.2,78.2,78.6,79.6,81.4
2211,47.3,55.7,62.3,67.5,71.3,74.0,75.7,76.7,77.1,77.1,77.0,76.8,76.8,77.2,78.2,79.9
1868,45.5,53.6,60.2,65.3,69.1,71.9,73.7,74.8,75.4,75.6,75.5,75.4,75.5,75.9,76.7,78.3
1526,43.9,51.6,57.9,62.8,66.7,69.5,71.5,72.8,73.5,73.9,74.0,74.1,74.2,74.6,75.3,76.6
1184,42.7,49.7,55.5,60.2,63.9,66.8,69.0,70.5,71.5,72.2,72.5,72.8,73.0,73.4,73.9,74.8
842,41.7,47.8,53.0,57.3,60.9,63.9,66.2,68.0,69.4,70.4,71.1,71.6,71.9,72.3,72.6,73.0
500,41.2,46.1,50.4,54.3,57.7,60.6,63.2,65.3,67.1,68.6,69.7,70.5,71.0,71.3,71.3,71.1