date,log,t,CLT,E,Vb,MAP,PW_first1s,net_first1s,PW_last05s,net_last05s,mg_first1s,mg_last05s,crk_first,crk_last,exit_rpm,crank_s,fuel_to_750_s,pedal_or_flood
2026-05-31,all-channels-reduced-idlaircorr.csv,90.9,29.0,25.0,10.6,93.7,4.55,3.11,3.9,2.53,43.8,35.7,58.6,39.6,306,1.8,2.4,False
2026-05-31,hood on 0509 terrible day.csv,79.8,96.0,56.5,10.5,95.6,3.52,2.08,3.52,2.08,29.8,29.8,-0.1,-0.1,524,0.28,0.44,False
2026-05-31,hood on 0509 terrible day.csv,1870.8,96.0,56.5,10.6,95.7,3.62,2.19,3.62,2.19,31.4,31.4,-0.2,-0.2,163,0.24,0.6,False
2026-05-31,hood on 0509 terrible day.csv,1896.0,96.0,56.0,10.8,91.1,3.39,1.99,3.3,1.93,28.5,27.7,-1.3,-2.1,241,0.84,2.16,False
2026-06-13,20260613_1141.csv,305.8,90.8,25.0,10.5,90.8,3.05,1.62,3.05,1.62,22.8,22.8,1.2,1.2,228,0.4,0.6,False
2026-06-28,died_hot_return_to_idle_again.csv,2790.5,96.0,25.0,10.9,92.0,2.95,1.56,2.95,1.56,23.9,23.9,-1.5,-1.5,205,0.16,0.28,False
2026-07-29,crank_fail_0729.csv,8.5,36.0,25.0,10.4,96.0,2.58,1.22,3.85,2.43,11.1,37.9,-62.0,28.3,178,4.68,,True
2026-07-30,hotcranx.csv,530.9,,,,94.4,2.84,,2.45,,,,-10.8,-10.7,0,2.4,,False
2026-07-30,hotcranx.csv,550.3,,,,96.0,2.82,,2.75,,,,-11.7,-11.5,0,4.52,,False
2026-07-30,hotcranx.csv,597.7,,,,94.5,2.82,,2.46,,,,-11.6,-11.9,0,7.44,,False
2026-07-30,hotcranx.csv,778.9,,,,93.1,2.94,,2.94,,,,-9.4,-9.4,495,0.28,0.44,False
2026-07-30,varied_cranking_airflow.csv,9.7,,,,93.3,5.18,,3.55,,,,50.7,30.1,0,3.44,,False
2026-07-30,varied_cranking_airflow.csv,77.8,,,,91.7,4.44,,3.65,,,,55.4,39.8,0,2.04,,False
2026-07-30,varied_cranking_airflow.csv,103.5,,,,90.2,4.65,,3.57,,,,59.3,40.7,0,2.56,,False
2026-08-06,0806 rich cranks.csv,605.0,,,,91.1,2.87,1.47,2.46,1.23,22.4,20.7,,,0,3.8,,False
2026-08-06,0806 rich cranks.csv,637.4,,,,94.6,2.75,1.34,2.5,1.18,20.4,19.9,,,0,5.56,,True
2026-08-06,0806 rich cranks.csv,707.4,,,,91.6,2.98,1.57,2.6,1.25,24.1,20.9,,,0,4.12,,False
2026-08-06,0806 rich cranks.csv,785.6,,,,90.6,2.88,1.47,2.51,1.21,22.6,20.3,,,0,5.2,,False
2026-08-06,0806 rich cranks.csv,806.7,,,,90.4,2.63,1.26,2.53,1.18,20.5,19.7,,,0,0.72,,False
2026-08-06,0806 rich cranks.csv,894.7,,,,91.3,2.83,1.46,2.52,1.22,22.6,20.4,,,0,1.08,,False
2026-08-06,idle bounce 2.csv,32.3,35.2,,,91.4,3.17,,3.96,,,,,,707,1.72,1.8,False
2026-08-12,50hz log wont_idle.csv,138.9,91.8,,,91.4,2.63,,2.59,,,,,,601,1.02,1.16,False
2026-08-12,50hz log wont_idle.csv,208.9,90.9,,,91.6,2.51,,2.19,,,,,,0,2.66,,False
2026-08-12,50hz log wont_idle.csv,473.5,92.2,,,98.3,4.72,,4.81,,,,,,708,0.76,0.82,True
2026-08-12,50hz log wont_idle.csv,543.3,92.0,,,97.8,2.12,,2.12,,,,,,559,0.24,0.64,True
2026-08-12,50hz log wont_idle.csv,565.2,94.4,,,95.3,2.46,,2.39,,,,,,0,2.32,,True
2026-08-12,50hz log wont_idle.csv,571.8,94.0,,,95.9,2.17,,2.15,,,,,,0,0.86,,True
2026-08-12,50hz log wont_idle.csv,597.9,95.0,,,92.7,2.13,,2.09,,,,,,0,2.84,,True
2026-08-12,50hz log wont_idle.csv,700.5,95.4,,,93.6,2.76,,2.76,,,,,,521,0.26,0.4,False
2026-08-12,wont_idle.csv,138.9,91.8,,,91.2,2.63,,2.59,,,,,,601,1.04,1.16,False
2026-08-12,wont_idle.csv,208.9,90.9,,,91.6,2.51,,2.17,,,,,,0,2.68,,False
2026-08-12,wont_idle.csv,473.5,92.2,,,98.3,4.72,,4.81,,,,,,708,0.76,0.84,True
2026-08-12,wont_idle.csv,543.3,92.0,,,97.7,2.12,,2.12,,,,,,559,0.24,0.64,True
2026-08-12,wont_idle.csv,565.2,94.4,,,95.3,2.46,,2.39,,,,,,0,2.32,,True
2026-08-12,wont_idle.csv,571.8,94.0,,,96.0,2.17,,2.13,,,,,,0,0.88,,True
2026-08-12,wont_idle.csv,597.9,95.0,,,92.7,2.13,,2.09,,,,,,0,2.84,,True
2026-08-12,wont_idle.csv,700.5,95.4,,,93.4,2.76,,2.76,,,,,,521,0.28,0.4,False
2026-08-16,goodrun.csv,33.2,33.9,,,92.5,3.33,,3.19,,,,,,478,1.76,2.16,False
2026-08-16,goodrun.csv,595.9,35.0,,,89.8,3.25,,3.25,,,,,,702,0.36,0.52,False
2026-08-16,goodrunwithvoltage.csv,33.2,33.9,,10.6,92.5,3.33,,3.19,,,,,,478,1.76,2.16,False
2026-08-16,goodrunwithvoltage.csv,595.9,35.0,,10.8,89.8,3.25,,3.25,,,,,,702,0.36,0.52,False
2026-08-24,cranking_channels_recent_run.csv,3.2,,,,86.5,2.92,,3.24,,,,-9.4,0.0,688,2.08,2.12,False
2026-08-24,omg.csv,75.8,38.1,14.0,11.3,88.0,2.84,1.49,2.39,1.14,22.8,17.3,-12.8,-25.9,432,3.12,3.68,False
2026-09-19,fullchannels.csv,718.0,50.8,14.0,11.7,83.4,2.48,1.22,2.45,1.2,18.7,18.4,-23.6,-23.3,428,0.72,1.12,False
2026-09-29,allchannels_smoothclt.csv,84.0,26.0,14.0,10.9,91.2,3.51,2.12,3.38,2.01,33.0,31.3,10.4,8.1,303,0.76,1.32,False
2026-10-01,new_cranking_rules.csv,4.1,27.0,14.0,11.2,92.1,3.15,1.77,2.33,0.98,27.5,15.2,-3.5,-47.0,0,6.24,,True
2026-10-01,new_cranking_rules.csv,98.6,27.0,14.0,10.8,92.0,3.38,1.98,3.38,1.98,30.8,30.8,10.6,10.6,731,0.36,0.4,False
2026-10-02,newcoldstart.csv,1116.5,29.0,14.0,11.5,87.9,3.47,2.04,2.17,1.12,31.8,17.1,9.9,-17.0,718,7.44,7.48,False
2026-10-02,newhotstart.csv,2475.6,96.0,14.0,10.9,92.3,2.81,1.41,2.71,1.35,21.9,20.9,-9.2,-8.3,876,1.08,1.08,False
