op_bin,rpm_bin,clt_bin,air,air_q25,air_q75,air_nofan,n,n_ep,n_logs,op_med,rpm_med,clt_med,fan_frac,rail_frac,pid_med
2.0,1100.0,96.0,37.0,36.5,37.0,24.0,3.0,1.0,1.0,2.375,1137.0,96.0,1.0,0.0,0.062
2.0,1200.0,96.0,36.0,35.5,36.0,23.0,30.0,2.0,1.0,2.438,1184.5,96.0,1.0,0.0,-0.9065
3.0,1100.0,96.0,44.0,43.0,44.5,31.0,66.0,7.0,1.0,3.312,1132.0,96.0,1.0,0.0,5.843500000000001
3.0,1200.0,75.0,44.0,44.0,44.0,31.0,7.0,2.0,1.0,3.0,1175.0,85.0,1.0,0.0,2.5
3.0,1200.0,96.0,43.0,42.0,44.0,30.0,463.0,13.0,2.0,3.438,1182.0,96.0,1.0,0.0021598272138228943,6.75
3.0,1375.0,96.0,36.5,36.5,37.0,23.5,81.0,2.0,1.0,3.0,1358.0,96.0,1.0,0.0,0.0
3.0,1375.0,105.0,37.0,37.0,37.0,24.0,1.0,1.0,1.0,3.0,1360.0,101.0,1.0,0.0,0.0
4.0,1100.0,96.0,30.0,29.0,31.5,17.0,205.0,15.0,2.0,4.438,1137.0,96.0,1.0,0.1902439024390244,-9.625
4.0,1200.0,96.0,37.0,36.5,41.5,24.0,2043.0,39.0,2.0,4.188,1199.0,96.0,0.9995105237395986,0.7386196769456681,-10.0
4.0,1200.0,105.0,36.5,36.5,36.5,23.5,6.0,2.0,1.0,4.125,1194.0,101.0,1.0,1.0,-10.0
5.0,1100.0,75.0,29.0,28.0,29.5,29.0,163.0,7.0,1.0,5.438,1135.0,78.0,0.0,0.0,-0.125
5.0,1100.0,96.0,30.0,29.0,31.5,17.0,423.0,17.0,1.0,4.812,1142.0,96.0,0.9858156028368794,0.18912529550827423,-9.375
5.0,1200.0,75.0,31.5,29.5,33.0,21.5,145.0,12.0,1.0,5.438,1178.0,82.0,0.593103448275862,0.0,2.875
5.0,1200.0,96.0,33.0,30.0,37.0,20.5,1245.0,31.0,1.0,4.875,1185.0,96.0,0.9791164658634538,0.5172690763052209,-10.0
5.0,1375.0,96.0,37.0,37.0,37.0,24.0,1.0,1.0,1.0,4.875,1293.0,96.0,1.0,1.0,-10.0
6.0,1100.0,60.0,33.5,33.0,37.0,33.5,67.0,5.0,1.0,6.625,1147.0,60.0,0.0,0.0,-2.812
6.0,1100.0,75.0,29.0,28.0,29.5,29.0,568.0,10.0,1.0,5.812,1136.0,78.0,0.0017605633802816902,0.0,-1.688
6.0,1100.0,96.0,28.0,27.5,29.0,28.0,13.0,5.0,1.0,5.875,1140.0,86.0,0.0,0.0,0.812
6.0,1200.0,30.0,50.0,48.5,50.5,50.0,69.0,4.0,1.0,7.125,1270.0,37.0,0.0,0.7681159420289855,-10.0
6.0,1200.0,45.0,42.0,41.0,42.5,42.0,712.0,14.0,2.0,7.0,1262.0,48.0,0.0,0.35252808988764045,-5.438
6.0,1200.0,60.0,35.0,34.0,36.5,35.0,1773.0,19.0,1.0,6.688,1198.0,61.0,0.0,0.0,-2.312
6.0,1200.0,75.0,30.5,29.5,32.0,30.5,1433.0,29.0,1.0,6.312,1192.0,72.0,0.08722958827634333,0.0,-0.812
6.0,1200.0,96.0,34.5,29.0,40.5,28.0,135.0,11.0,1.0,5.688,1212.0,91.0,0.725925925925926,0.0,1.0
6.0,1375.0,30.0,57.5,53.5,60.0,57.5,1015.0,11.0,2.0,7.25,1348.0,34.0,0.0,0.6354679802955665,-10.0
6.0,1375.0,45.0,49.5,48.0,51.0,49.5,714.0,11.0,2.0,7.125,1313.0,39.0,0.0,0.40476190476190477,-1.875
