op_bin,rpm_bin,clt_bin,air,air_q25,air_q75,air_nofan,n,n_ep,n_logs,op_med,rpm_med,clt_med,fan_frac,n_fan_known,rail_frac,rail_hi_frac,pid_med
2.0,1000.0,96.0,21.5,21.0,22.0,8.5,228.0,3.0,1.0,2.188,994.0,96.0,1.0,228.0,0.0,0.0,-7.375
2.0,1000.0,105.0,21.0,21.0,21.0,8.0,1.0,1.0,1.0,2.188,1010.0,101.0,1.0,1.0,0.0,0.0,-7.625
2.0,1100.0,96.0,24.5,24.0,25.5,11.5,131.0,2.0,1.0,2.438,1073.0,96.0,1.0,131.0,0.0,0.0,-6.375
2.0,1200.0,96.0,28.5,27.0,30.5,15.5,2606.0,36.0,3.0,2.125,1185.0,96.0,1.0,2606.0,0.0,0.0,-4.0
2.0,1200.0,105.0,28.0,27.0,29.5,15.0,305.0,28.0,2.0,2.125,1190.0,102.0,1.0,305.0,0.0,0.0,-4.0
3.0,1100.0,96.0,25.0,24.5,25.5,12.0,26.0,2.0,1.0,2.562,1104.0,96.0,1.0,26.0,0.0,0.0,-7.0
3.0,1200.0,75.0,44.0,44.0,44.0,31.0,7.0,2.0,1.0,3.0,1175.0,85.0,1.0,7.0,0.0,0.0,2.5
3.0,1200.0,96.0,41.5,33.5,43.5,28.5,743.0,20.0,3.0,3.0,1188.0,96.0,1.0,743.0,0.0,0.0,2.375
3.0,1200.0,105.0,33.0,33.0,33.5,20.0,5.0,3.0,1.0,2.625,1174.0,102.0,1.0,5.0,0.0,0.0,-2.688
3.0,1375.0,96.0,43.0,38.0,43.5,30.0,438.0,5.0,1.0,3.062,1367.0,96.0,1.0,438.0,0.0,0.0,-5.938
3.0,1500.0,96.0,47.5,47.5,48.0,34.5,56.0,2.0,1.0,3.312,1458.5,96.0,1.0,56.0,0.0,0.0,-5.0
4.0,1200.0,75.0,66.25,65.625,66.875,,2.0,2.0,1.0,3.9684999999999997,1173.5,84.5,,0.0,0.0,0.0,16.5625
4.0,1200.0,96.0,37.0,36.5,42.25,24.0,2099.0,47.0,3.0,4.25,1198.0,96.0,0.9995157384987894,2065.0,0.7198666031443545,0.0,-10.0
4.0,1200.0,105.0,36.5,36.5,36.5,23.5,6.0,2.0,1.0,4.125,1194.0,101.0,1.0,6.0,1.0,0.0,-10.0
5.0,1200.0,75.0,32.5,30.0,66.5,21.5,209.0,18.0,2.0,5.312,1176.0,83.0,0.5850340136054422,147.0,0.0,0.0,4.125
5.0,1200.0,96.0,37.0,31.0,66.5,21.0,1826.0,41.0,2.0,4.875,1178.0,96.0,0.9820836098208361,1507.0,0.34446878422782035,0.0,-5.562
6.0,1200.0,45.0,41.0,40.5,41.5,41.0,252.0,5.0,1.0,6.938,1261.0,51.0,0.0,252.0,0.0,0.0,-5.062
6.0,1200.0,60.0,34.5,34.0,36.0,34.5,1054.0,16.0,1.0,6.688,1207.0,63.0,0.0,1054.0,0.0,0.0,0.062
6.0,1200.0,75.0,30.5,29.0,32.0,30.5,1441.0,29.0,1.0,6.312,1192.0,72.0,0.08743927827897294,1441.0,0.0,0.0,-0.812
6.0,1200.0,96.0,34.0,29.0,39.5,27.5,127.0,11.0,1.0,5.688,1209.0,91.0,0.7086614173228346,127.0,0.0,0.0,1.062
6.0,1375.0,30.0,58.0,53.5,60.0,58.0,947.0,11.0,2.0,7.25,1350.0,33.0,0.0,947.0,0.6187961985216474,0.0,-10.0
6.0,1375.0,45.0,49.0,44.0,50.0,49.0,966.0,16.0,2.0,7.062,1305.0,40.0,0.0,966.0,0.41200828157349895,0.0,-3.688
6.0,1375.0,60.0,60.75,60.625,60.875,60.75,2.0,1.0,1.0,7.031000000000001,1466.5,54.0,0.0,2.0,0.0,0.0,4.25
6.0,1500.0,30.0,77.5,77.5,78.0,77.5,118.0,4.0,1.0,7.25,1516.0,37.0,0.0,118.0,0.0,0.0,10.625
6.0,1500.0,45.0,72.5,70.0,74.5,72.5,791.0,9.0,1.0,7.125,1504.0,43.0,0.0,791.0,0.0,0.0,9.562
6.0,1500.0,60.0,61.0,61.0,61.75,61.0,23.0,1.0,1.0,6.875,1468.0,53.0,0.0,23.0,0.0,0.0,4.562
