rpm_bin,op_bin,air,q25,q75,nofan,implied,shipped,op,op_lo,op_hi,pid,rail,fan,n,n_ep,logs
1000.0,2.0,21.5,21.0,22.0,8.5,19.25,16.5,2.19,1.88,2.44,-7.38,0.0,1.0,229,4,1
1100.0,2.0,24.5,24.0,25.5,11.5,22.38,21.5,2.38,1.88,2.5,-6.38,0.0,1.0,143,8,2
1100.0,3.0,25.0,24.5,25.5,12.0,22.38,21.5,2.56,2.56,3.44,-7.0,0.0,1.0,29,4,2
1100.0,4.0,34.0,29.5,42.62,21.0,27.41,26.5,4.41,3.69,4.5,-9.94,0.5,1.0,6,5,3
1100.0,5.0,31.0,29.0,33.88,17.5,25.88,26.5,4.88,4.62,5.5,-7.53,0.24,0.97,38,15,2
1200.0,2.0,28.5,27.0,30.5,15.5,26.5,26.5,2.12,1.81,2.5,-4.0,0.0,1.0,2593,36,3
1200.0,3.0,38.75,34.0,43.5,25.75,26.88,26.5,2.94,2.56,3.5,-0.62,0.0,1.0,792,22,3
1200.0,4.0,37.0,36.5,42.0,24.0,33.5,26.5,4.25,3.62,4.5,-10.0,0.72,1.0,2093,47,3
1200.0,5.0,37.0,31.0,66.5,21.5,26.25,26.5,4.88,4.62,5.5,-5.56,0.35,0.98,1788,41,2
1200.0,6.0,34.0,29.0,39.5,27.5,25.88,27.57,5.69,5.62,6.31,1.06,0.0,0.71,127,11,1
1375.0,3.0,43.0,38.5,43.5,30.0,34.5,36.0,3.12,2.69,3.44,-6.0,0.0,1.0,375,5,1
1500.0,3.0,47.5,47.0,48.0,34.5,37.5,40.0,3.31,3.0,3.5,-5.12,0.0,1.0,67,2,1
