tgt_bin,clt_bin,need,lo,hi,delivered,fan,custom,pid,op,op_lo,op_hi,n,n_ep,logs,rail
1000.0,96.0,8.5,8.0,9.0,21.5,1.0,-3.0,-7.38,2.19,1.88,2.44,228,3,1,0.0
1000.0,105.0,8.0,8.0,8.0,21.0,1.0,-4.0,-7.62,2.19,2.19,2.19,1,1,1,0.0
1100.0,96.0,11.5,11.0,12.5,24.5,1.0,-4.0,-6.5,2.44,2.12,2.69,157,2,1,0.0
1200.0,45.0,41.0,40.5,41.5,41.0,0.0,0.0,-5.06,6.94,6.69,7.12,252,5,1,0.0
1200.0,60.0,34.5,34.0,36.0,34.5,0.0,0.0,0.06,6.69,6.31,7.12,1054,16,1,0.0
1200.0,75.0,30.0,29.0,31.5,30.5,0.14,0.0,-0.69,6.31,2.81,6.81,1595,32,2,0.0
1200.0,96.0,20.5,16.0,24.0,33.5,0.99,-3.0,-4.0,3.62,1.81,6.31,7048,98,5,0.3
1200.0,105.0,15.0,14.0,16.5,28.0,1.0,-8.0,-4.0,2.12,1.81,4.25,316,32,3,0.02
1375.0,30.0,58.0,53.5,60.0,58.0,0.0,0.0,-10.0,7.25,6.75,7.62,947,11,2,0.62
1375.0,45.0,49.0,44.0,50.0,49.0,0.0,0.0,-3.69,7.06,6.62,7.31,966,16,2,0.41
1375.0,60.0,60.75,60.62,60.88,60.75,0.0,16.5,4.25,7.03,7.0,7.06,2,1,1,0.0
1375.0,96.0,30.0,25.0,30.5,43.0,1.0,1.0,-5.94,3.06,2.69,3.44,438,5,1,0.0
1500.0,30.0,77.5,77.5,78.0,77.5,0.0,18.0,10.62,7.25,7.0,7.5,118,4,1,0.0
1500.0,45.0,72.5,70.0,74.5,72.5,0.0,17.0,9.56,7.12,6.62,7.5,791,9,1,0.0
1500.0,60.0,61.0,61.0,61.75,61.0,0.0,16.0,4.56,6.88,6.62,7.12,23,1,1,0.0
1500.0,96.0,34.5,34.5,35.0,47.5,1.0,2.0,-5.0,3.31,3.0,3.5,56,2,1,0.0
