i_rpm,p_bin,med,n
0,1.9375,17.25,44
0,2.0625,18.637931034482758,145
0,2.1875,20.459183673469386,98
0,2.3125,21.432989690721648,97
0,2.4375,22.5,18
1,2.3125,24.1875,32
1,2.4375,24.651785714285715,56
1,2.5625,24.772727272727273,33
1,2.9375,39.94117647058823,17
1,3.0625,41.481818181818184,55
1,3.1875,42.729729729729726,37
1,3.3125,42.94047619047619,42
1,3.5625,42.625,20
2,1.9375,28.035714285714285,140
2,2.0625,28.641706161137442,1055
2,2.1875,29.15606653620352,1022
2,2.3125,29.850694444444443,576
2,2.4375,32.308510638297875,94
2,2.5625,32.6203007518797,133
2,2.6875,33.5875,160
2,2.8125,34.90522875816993,153
2,2.9375,35.664,125
2,3.0625,36.699029126213595,103
2,3.1875,39.88235294117647,17
2,3.3125,43.66279069767442,43
2,3.4375,43.64678899082569,109
2,3.5625,43.4468085106383,282
2,3.6875,43.26315789473684,627
2,3.8125,42.548701298701296,154
2,3.9375,38.28431372549019,102
2,4.0625,36.75,256
2,4.1875,36.83111111111111,225
2,4.3125,36.94065934065934,455
2,4.4375,37.55912162162162,296
2,4.5625,40.252808988764045,267
2,4.6875,42.16032608695652,368
2,4.8125,44.964506172839506,324
2,4.9375,46.391304347826086,184
2,5.0625,45.60132158590309,227
2,5.1875,43.929245283018865,106
2,5.3125,41.12337662337662,77
2,5.4375,40.11538461538461,26
2,5.5625,34.34,25
2,5.6875,32.729166666666664,24
3,2.8125,36.775,20
3,2.9375,37.916666666666664,66
3,3.0625,39.54044117647059,136
3,3.1875,41.98198198198198,111
3,3.3125,43.57333333333333,75
4,3.0625,45.16129032258065,31
4,3.1875,44.54545454545455,22
4,3.3125,46.10294117647059,34
4,3.4375,46.294117647058826,17
